Team,Photo
Baxter-Rookie,NB2-239.png
Baxter-Rookie,NB2-225.png
Baxter-Rookie,NB1-653.png
Baxter-Rookie,NB2-248.png
Baxter-Rookie,NB2-230.png
Baxter-Rookie,NB2-243.png
Baxter-Rookie,NB2-235.png
Baxter-Rookie,NB2-218.png
Baxter-Rookie,NB2-257.png
Baxter-Rookie,NB2-252.png
Beecroft - Minors,NB2-450.png
Beecroft - Minors,NB2-429.png
Beecroft - Minors,NB2-425.png
Beecroft - Minors,NB2-437.png
Beecroft - Minors,NB2-417.png
Beecroft - Minors,NB2-441.png
Beecroft - Minors,NB2-412.png
Beecroft - Minors,NB2-420.png
Beecroft - Minors,NB2-446.png
Beecroft - Minors,NB2-433.png
Beecroft - Minors,NB2-363.png
Beecroft - Minors,NB2-454.png
Blume - T-Ball,NB2-131.png
Blume - T-Ball,NB2-142.png
Blume - T-Ball,NB1-689.png
Blume - T-Ball,NB2-151.png
Blume - T-Ball,NB2-137.png
Blume - T-Ball,NB2-162.png
Blume - T-Ball,NB2-156.png